Species,Approximate Date,Collection protocols,Latitude,Longitude,Locations,Specimens collected,Protocols,KDR Genotype
Anopheles gambiae sensu stricto,2013-07-01,"collection of adults,collection of larvae",13.215,-16.3712,Foni Brefet,88,fluorogenic PCR assay,Kdr N1575
Anopheles gambiae sensu stricto,2013-07-01,"collection of adults,collection of larvae",13.215,-16.3712,Foni Brefet,88,fluorogenic PCR assay,Kdr N1575Y
Anopheles gambiae sensu stricto,2013-07-01,"collection of adults,collection of larvae",13.5389,-15.8713,Central Baddibu,47,fluorogenic PCR assay,Kdr N1575
Anopheles gambiae sensu stricto,2013-07-01,"collection of adults,collection of larvae",13.5389,-15.8713,Central Baddibu,47,fluorogenic PCR assay,Kdr N1575Y
Anopheles gambiae sensu stricto,2013-07-01,"collection of adults,collection of larvae",13.3803,-15.6264,Kiang East,45,fluorogenic PCR assay,Kdr N1575
Anopheles gambiae sensu stricto,2013-07-01,"collection of adults,collection of larvae",13.3803,-15.6264,Kiang East,45,fluorogenic PCR assay,Kdr N1575Y
Anopheles gambiae sensu stricto,2013-07-01,"collection of adults,collection of larvae",13.3057,-14.3565,Fulladu East,29,fluorogenic PCR assay,Kdr N1575
Anopheles gambiae sensu stricto,2013-07-01,"collection of adults,collection of larvae",13.3057,-14.3565,Fulladu East,29,fluorogenic PCR assay,Kdr N1575Y
Anopheles coluzzii,2013-07-01,"collection of adults,collection of larvae",13.6507,-15.0024,Niamina East,280,fluorogenic PCR assay,Kdr N1575
Anopheles coluzzii,2013-07-01,"collection of adults,collection of larvae",13.6507,-15.0024,Niamina East,280,fluorogenic PCR assay,Kdr N1575Y
Anopheles arabiensis,2013-07-01,"collection of adults,collection of larvae",13.3803,-15.6264,Kiang East,81,fluorogenic PCR assay,Kdr N1575
Anopheles arabiensis,2013-07-01,"collection of adults,collection of larvae",13.3803,-15.6264,Kiang East,81,fluorogenic PCR assay,Kdr N1575Y
Anopheles arabiensis,2013-07-01,"collection of adults,collection of larvae",13.5275,-13.972,Wuli,79,fluorogenic PCR assay,Kdr N1575
Anopheles arabiensis,2013-07-01,"collection of adults,collection of larvae",13.5275,-13.972,Wuli,79,fluorogenic PCR assay,Kdr N1575Y
Anopheles coluzzii,2016-04-01,collection of larvae,5.89839,-4.82293,Agnéby-Tiassa,92,fluorogenic PCR assay,Kdr N1575
Anopheles coluzzii,2016-04-01,collection of larvae,5.89839,-4.82293,Agnéby-Tiassa,92,fluorogenic PCR assay,Kdr N1575Y
Anopheles coluzzii,2016-04-01,collection of larvae,5.69,-4.5,Agnéby-Tiassa,22,fluorogenic PCR assay,Kdr N1575
Anopheles coluzzii,2016-04-01,collection of larvae,5.69,-4.5,Agnéby-Tiassa,22,fluorogenic PCR assay,Kdr N1575Y
Anopheles gambiae sensu stricto,2016-04-01,collection of larvae,5.69,-4.5,Agnéby-Tiassa,22,fluorogenic PCR assay,Kdr N1575
Anopheles gambiae sensu stricto,2016-04-01,collection of larvae,5.69,-4.5,Agnéby-Tiassa,22,fluorogenic PCR assay,Kdr N1575Y
Anopheles gambiae sensu lato,2018-05-01,collection of larvae,6.5244,3.3792,Mainland,100,PCR amplification of specific alleles,Kdr N1575Y
Anopheles gambiae sensu lato,2018-05-01,collection of larvae,6.5244,3.3792,Mainland,100,PCR amplification of specific alleles,Kdr N1575
Anopheles gambiae sensu lato,2018-05-01,collection of larvae,6.998,3.4737,Obafemi-Owode,100,PCR amplification of specific alleles,Kdr N1575Y
Anopheles gambiae sensu lato,2018-05-01,collection of larvae,6.998,3.4737,Obafemi-Owode,100,PCR amplification of specific alleles,Kdr N1575
Anopheles gambiae sensu lato,2018-05-01,collection of larvae,6.6342,5.9304,Uhunmwonde,100,PCR amplification of specific alleles,Kdr N1575Y
Anopheles gambiae sensu lato,2018-05-01,collection of larvae,6.6342,5.9304,Uhunmwonde,100,PCR amplification of specific alleles,Kdr N1575
Anopheles gambiae sensu lato,2018-05-01,collection of larvae,6.2209,6.937,Dunukofia,100,PCR amplification of specific alleles,Kdr N1575Y
Anopheles gambiae sensu lato,2018-05-01,collection of larvae,6.2209,6.937,Dunukofia,100,PCR amplification of specific alleles,Kdr N1575
Anopheles gambiae sensu lato,2018-05-01,collection of larvae,9.9309,5.5983,Mashegu,100,PCR amplification of specific alleles,Kdr N1575Y
Anopheles gambiae sensu lato,2018-05-01,collection of larvae,9.9309,5.5983,Mashegu,100,PCR amplification of specific alleles,Kdr N1575
Anopheles gambiae sensu lato,2018-05-01,collection of larvae,6.9669,4.3874,IjebuEast,100,PCR amplification of specific alleles,Kdr N1575Y
Anopheles gambiae sensu lato,2018-05-01,collection of larvae,6.9669,4.3874,IjebuEast,100,PCR amplification of specific alleles,Kdr N1575
Anopheles gambiae sensu lato,2018-05-01,collection of larvae,6.5244,3.3792,Mainland,100,PCR amplification of specific alleles,Kdr N1575Y
Anopheles gambiae sensu lato,2018-05-01,collection of larvae,6.5244,3.3792,Mainland,100,PCR amplification of specific alleles,Kdr N1575
Anopheles gambiae sensu lato,2018-05-01,collection of larvae,6.998,3.4737,Obafemi-Owode,100,PCR amplification of specific alleles,Kdr N1575Y
Anopheles gambiae sensu lato,2018-05-01,collection of larvae,6.998,3.4737,Obafemi-Owode,100,PCR amplification of specific alleles,Kdr N1575
Anopheles gambiae sensu lato,2018-05-01,collection of larvae,6.6342,5.9304,Uhunmwonde,100,PCR amplification of specific alleles,Kdr N1575Y
Anopheles gambiae sensu lato,2018-05-01,collection of larvae,6.6342,5.9304,Uhunmwonde,100,PCR amplification of specific alleles,Kdr N1575
Anopheles gambiae sensu lato,2018-05-01,collection of larvae,6.2209,6.937,Dunukofia,100,PCR amplification of specific alleles,Kdr N1575Y
Anopheles gambiae sensu lato,2018-05-01,collection of larvae,6.2209,6.937,Dunukofia,100,PCR amplification of specific alleles,Kdr N1575
Anopheles gambiae sensu lato,2018-05-01,collection of larvae,9.9309,5.5983,Mashegu,100,PCR amplification of specific alleles,Kdr N1575Y
Anopheles gambiae sensu lato,2018-05-01,collection of larvae,9.9309,5.5983,Mashegu,100,PCR amplification of specific alleles,Kdr N1575
Anopheles gambiae sensu lato,2018-05-01,collection of larvae,6.9669,4.3874,IjebuEast,100,PCR amplification of specific alleles,Kdr N1575Y
Anopheles gambiae sensu lato,2018-05-01,collection of larvae,6.9669,4.3874,IjebuEast,100,PCR amplification of specific alleles,Kdr N1575
Anopheles gambiae sensu lato,2016-09-01,collection of larvae from dippers,8.3,-5.43333,Béré (Côte d'Ivoire),40,fluorogenic PCR assay,Kdr N1575Y
Anopheles gambiae sensu lato,2016-09-01,collection of larvae from dippers,8.3,-5.43333,Béré (Côte d'Ivoire),40,fluorogenic PCR assay,Kdr N1575
Anopheles gambiae sensu lato,2016-09-01,collection of larvae from dippers,7.76667,-5.11667,Gbeke,48,fluorogenic PCR assay,Kdr N1575Y
Anopheles gambiae sensu lato,2016-09-01,collection of larvae from dippers,7.76667,-5.11667,Gbeke,48,fluorogenic PCR assay,Kdr N1575
Anopheles gambiae sensu lato,2016-09-01,collection of larvae from dippers,8.38333,-6.38333,Worodougou,46,fluorogenic PCR assay,Kdr N1575Y
Anopheles gambiae sensu lato,2016-09-01,collection of larvae from dippers,8.38333,-6.38333,Worodougou,46,fluorogenic PCR assay,Kdr N1575
Anopheles gambiae sensu lato,2016-09-01,collection of larvae from dippers,7.93333,-5.33333,Gbeke,47,fluorogenic PCR assay,Kdr N1575Y
Anopheles gambiae sensu lato,2016-09-01,collection of larvae from dippers,7.93333,-5.33333,Gbeke,47,fluorogenic PCR assay,Kdr N1575
Anopheles gambiae sensu lato,2016-09-01,collection of larvae from dippers,8.03333,-5.15,Hambol,47,fluorogenic PCR assay,Kdr N1575Y
Anopheles gambiae sensu lato,2016-09-01,collection of larvae from dippers,8.03333,-5.15,Hambol,47,fluorogenic PCR assay,Kdr N1575
Anopheles gambiae sensu lato,2016-09-01,collection of larvae from dippers,8.3,-5.43333,Béré (Côte d'Ivoire),41,fluorogenic PCR assay,Kdr N1575Y
Anopheles gambiae sensu lato,2016-09-01,collection of larvae from dippers,8.3,-5.43333,Béré (Côte d'Ivoire),41,fluorogenic PCR assay,Kdr N1575
Anopheles gambiae sensu lato,2016-09-01,collection of larvae from dippers,8.38333,-6.38333,Worodougou,45,fluorogenic PCR assay,Kdr N1575Y
Anopheles gambiae sensu lato,2016-09-01,collection of larvae from dippers,8.38333,-6.38333,Worodougou,45,fluorogenic PCR assay,Kdr N1575
Anopheles gambiae sensu lato,2016-09-01,collection of larvae from dippers,8.15,-5.28333,Hambol,53,fluorogenic PCR assay,Kdr N1575Y
Anopheles gambiae sensu lato,2016-09-01,collection of larvae from dippers,8.15,-5.28333,Hambol,53,fluorogenic PCR assay,Kdr N1575
Anopheles gambiae sensu stricto,2018-04-01,collection of larvae from dippers,3.955,11.4933,Mfoundi,32,real time PCR,Kdr N1575
Anopheles gambiae sensu stricto,2018-04-01,collection of larvae from dippers,3.955,11.4933,Mfoundi,32,real time PCR,Kdr N1575Y
Anopheles gambiae sensu stricto,2018-04-01,collection of larvae from dippers,3.87944,11.4319,Mfoundi,30,real time PCR,Kdr N1575
Anopheles gambiae sensu stricto,2018-04-01,collection of larvae from dippers,3.87944,11.4319,Mfoundi,30,real time PCR,Kdr N1575Y
Anopheles gambiae sensu stricto,2018-04-01,collection of larvae from dippers,3.82722,11.5314,Mfoundi,30,real time PCR,Kdr N1575
Anopheles gambiae sensu stricto,2018-04-01,collection of larvae from dippers,3.82722,11.5314,Mfoundi,30,real time PCR,Kdr N1575Y
Anopheles arabiensis,2015-01-01,"collection of larvae from dippers,indoor light trap catch,pyrethrum spray catch",5.68317,-4.50864,Agnéby-Tiassa,23,real time PCR,Kdr N1575Y
Anopheles arabiensis,2015-01-01,"collection of larvae from dippers,indoor light trap catch,pyrethrum spray catch",5.68317,-4.50864,Agnéby-Tiassa,23,real time PCR,Kdr N1575
Anopheles coluzzii,2015-01-01,"collection of larvae from dippers,indoor light trap catch,pyrethrum spray catch",5.68317,-4.50864,Agnéby-Tiassa,47,real time PCR,Kdr N1575Y
Anopheles coluzzii,2015-01-01,"collection of larvae from dippers,indoor light trap catch,pyrethrum spray catch",5.68317,-4.50864,Agnéby-Tiassa,47,real time PCR,Kdr N1575
Anopheles gambiae sensu stricto,2015-01-01,"collection of larvae from dippers,indoor light trap catch,pyrethrum spray catch",5.68317,-4.50864,Agnéby-Tiassa,48,real time PCR,Kdr N1575Y
Anopheles gambiae sensu stricto,2015-01-01,"collection of larvae from dippers,indoor light trap catch,pyrethrum spray catch",5.68317,-4.50864,Agnéby-Tiassa,48,real time PCR,Kdr N1575
Anopheles gambiae x Anopheles coluzzii,2015-01-01,"collection of larvae from dippers,indoor light trap catch,pyrethrum spray catch",5.68317,-4.50864,Agnéby-Tiassa,6,real time PCR,Kdr N1575Y
Anopheles gambiae x Anopheles coluzzii,2015-01-01,"collection of larvae from dippers,indoor light trap catch,pyrethrum spray catch",5.68317,-4.50864,Agnéby-Tiassa,6,real time PCR,Kdr N1575
